{
    "type": "POSE_UPDATE",
    "version": 1,
    "sendTime": 1580939777778,
    "payload": {
        "nose": {
            "x": 50.41434453942487,
            "y": 49.73944923047809
        },
        "leftEye": {
            "x": 46.12726609647714,
            "y": 53.00776769457689
        },
        "rightEye": {
            "x": 56.87388635912972,
            "y": 52.48958330519003
        },
        "leftEar": {
            "x": 39.23455029122387,
            "y": 42.960818691752564
        },
        "rightEar": {
            "x": 64.04621028740243,
            "y": 43.99583280206447
        },
        "leftShoulder": {
            "x": 30.13556604110339,
            "y": 6.925488477741467
        },
        "rightShoulder": {
            "x": 64.48732845076454,
            "y": 8.906004846215978
        },
        "leftElbow": {
            "x": 18.132659088278047,
            "y": 0
        },
        "rightElbow": {
            "x": 67.77893735065626,
            "y": 1.783964449251215
        },
        "leftWrist": {
            "x": 20.290983427778183,
            "y": 0
        },
        "rightWrist": {
            "x": 64.1004209157047,
            "y": 12.918378726337522
        },
        "leftHip": {
            "x": 33.773913862559716,
            "y": 0
        },
        "rightHip": {
            "x": 63.747510496839276,
            "y": 0
        },
        "leftKnee": {
            "x": 23.642513986404595,
            "y": 0
        },
        "rightKnee": {
            "x": 62.268641402144155,
            "y": 0
        },
        "leftAnkle": {
            "x": 21.58889896129299,
            "y": 0
        },
        "rightAnkle": {
            "x": 62.24332010178339,
            "y": 0
        }
    }
}